{"binance-coin": [1, 0.004194162955444091], "cardano": [10, 0.0045448506370336815], "nem": [1, 0.0034966842937864486], "ethereum": [4, 0.004089281545776606], "vechain_ven": [1, 0.006559855165324359], "litecoin": [10, 0.003632163707640301], "stellar": [2, 0.00575523417268065], "ontology": [1, 0.005349438453864414], "tron": [4, 0.003871769861791155], "maker": [3, 0.005499628465082736], "bitcoin": [1, 0.0035324103186981323], "tether": [1, 0.00359886189228321], "monero": [2, 0.007974298654751393], "zcash": [3, 0.005404803680344777], "eos": [10, 0.00476738408164901], "neo": [2, 0.005622804979724424], "dash": [10, 0.005994742213251301], "iota": [2, 0.005053583624744252], "ripple": [1, 0.002672116841766235], "bitcoin-cash": [3, 0.013518180884062855], "ethereum-classic": [1, 0.005047518856602076]}